name,price
Sonata NH7987SM03CJ Watch  - For Men,₹480
Fastrack 3166KM01 All Nighters Watch  - For Men,"₹2,280"
Fossil BQ2125 FLYNN Watch  - For Men,"₹5,508"
,"₹3,834"
Sonata NF7924NL01C Watch  - For Men,₹940
Sonata NH7930PP02J Watch  - For Men,₹460
Fastrack NG38020PP05CJ Watch  - For Men,₹915
Titan 1773SL01 Karishma Watch  - For Men,"₹1,595"
Fastrack 38044PP01 Trendies Watch  - For Men,"₹1,740"
Sonata NC7023YM01C Watch  - For Men,₹770
Sonata NC7023YM09 Classic Watch  - For Men,₹975
Sonata ND1013SM01C Watch  - For Men,₹530
Fossil CH2927I Briggs Watch  - For Men,"₹5,034"
,"₹1,994"
Fossil BQ1009 RHETT Watch  - For Men,"₹6,030"
Sonata NC7023YM10 Watch  - For Men,"₹1,030"
Casio A1486 Enticer Men's Watch  - For Men,"₹1,434"
Fossil BQ2310 LUTHER 3H Watch  - For Men,"₹4,480"
Sonata NH7920PP13CJ Watch  - For Men,₹480
,"₹1,994"
Fastrack 38044PP03 Trendies Watch  - For Men,"₹1,740"
Sonata NH77033PP01 Watch  - For Men,₹680
Tommy Hilfiger TH1791425 Watch  - For Men,"₹6,569"
,"₹1,434"
Armani Exchange Black7518 Armani Exchange Men's AX2609 ...,"₹4,874"
Sonata NF7007YM05 Watch  - For Men,"₹1,140"
Fastrack NG38020PP04CJ Watch  - For Men,₹915
Sonata 77085PP02 Volt Watch  - For Men,₹500
Fossil FS5088 GRANT Watch  - For Men,"₹5,999"
,"₹1,434"
Maxima 37983CAGI Watch  - For Men,"₹1,868"
Titan 1773YL03 Karishma Watch  - For Men,"₹1,570"
Sonata NH77004PP01J Watch  - For Men,₹630
,"₹1,740"
Maxima 25142CMGI Attivo Watch  - For Men,"₹1,156"
Sonata NC1013SM06 Classic Watch  - For Men,₹735
Maxima O-45843PPGW Hybrid Collection Watch  - For Men,₹612
Sonata 77083SM01 Gents Essentials Watch  - For Men,₹760
Sonata NG7998BM01AC Watch  - For Men,"₹1,420"
,"₹1,434"
